<metadata xml:lang="de"><Esri><CreaDate>20200605</CreaDate><CreaTime>15271700</CreaTime><ArcGISFormat>1.0</ArcGISFormat><SyncOnce>FALSE</SyncOnce><DataProperties><lineage><Process ToolSource="c:\program files (x86)\arcgis\desktop10.6\ArcToolbox\Toolboxes\Data Management Tools.tbx\Project" Date="20200604" Time="092138">Project gis_osm_roads_free_1 "C:\Users\Fiona\Documents\GIMA\Rania Data\Data2.gdb\Saxony_roads" PROJCS['ETRS_1989_UTM_Zone_33N',GEOGCS['GCS_ETRS_1989',DATUM['D_ETRS_1989',SPHEROID['GRS_1980',6378137.0,298.257222101]],PRIMEM['Greenwich',0.0],UNIT['Degree',0.0174532925199433]],PROJECTION['Transverse_Mercator'],PARAMETER['False_Easting',500000.0],PARAMETER['False_Northing',0.0],PARAMETER['Central_Meridian',15.0],PARAMETER['Scale_Factor',0.9996],PARAMETER['Latitude_Of_Origin',0.0],UNIT['Meter',1.0]] ETRS_1989_To_WGS_1984 GEOGCS['GCS_WGS_1984',DATUM['D_WGS_1984',SPHEROID['WGS_1984',6378137.0,298.257223563]],PRIMEM['Greenwich',0.0],UNIT['Degree',0.0174532925199433]] NO_PRESERVE_SHAPE # NO_VERTICAL</Process><Process ToolSource="c:\program files\arcgis\pro\Resources\ArcToolbox\toolboxes\Data Management Tools.tbx\CopyFeatures" Date="20200605" Time="085910">CopyFeatures Saxony_roads C:\Users\kounadio\Desktop\ITC\3.Supervision\MScGIMA\Fiona_Polzin_2019\Germany_AVM_data\AVM_germany_fiona.gdb\roads_1_2_3 # # # #</Process><Process ToolSource="c:\program files\arcgis\pro\Resources\ArcToolbox\toolboxes\Data Management Tools.tbx\Copy" Date="20200605" Time="085955">Copy "C:\Users\kounadio\Desktop\ITC\3.Supervision\MScGIMA\Fiona_Polzin_2019\Germany_AVM_data\AVM_germany_fiona.gdb\roads_1_2_3 " C:\Users\kounadio\Desktop\ITC\3.Supervision\MScGIMA\Fiona_Polzin_2019\Germany_AVM_data\Data_basic.gdb\roads_1_2_3 FeatureClass #</Process><Process ToolSource="c:\program files\arcgis\pro\Resources\ArcToolbox\toolboxes\Cartography Tools.tbx\MergeDividedRoads" Date="20200605" Time="140516">MergeDividedRoads C:\Users\kounadio\Desktop\ITC\3.Supervision\MScGIMA\Fiona_Polzin_2019\Germany_AVM_data\Data_basic.gdb\roads_1_2_3 code "100 Meters" C:\Users\kounadio\Desktop\ITC\3.Supervision\MScGIMA\Fiona_Polzin_2019\Germany_AVM_data\Data_basic.gdb\roads_123 # # #</Process><Process ToolSource="c:\program files\arcgis\pro\Resources\ArcToolbox\toolboxes\Data Management Tools.tbx\FeatureToPolygon" Date="20200605" Time="140856">FeatureToPolygon roads_123 C:\Users\kounadio\Desktop\ITC\3.Supervision\MScGIMA\Fiona_Polzin_2019\Germany_AVM_data\Data_basic.gdb\blocks_123b # NO_ATTRIBUTES #</Process><Process ToolSource="c:\program files\arcgis\pro\Resources\ArcToolbox\toolboxes\Data Management Tools.tbx\Rename" Date="20200605" Time="141003">Rename C:\Users\kounadio\Desktop\ITC\3.Supervision\MScGIMA\Fiona_Polzin_2019\Germany_AVM_data\Data_basic.gdb\blocks_123b C:\Users\kounadio\Desktop\ITC\3.Supervision\MScGIMA\Fiona_Polzin_2019\Germany_AVM_data\Data_basic.gdb\blocks_123 FeatureClass</Process><Process ToolSource="c:\program files\arcgis\pro\Resources\ArcToolbox\toolboxes\Data Management Tools.tbx\Eliminate" Date="20200605" Time="142151">Eliminate blocks_123 C:\Users\kounadio\Desktop\ITC\3.Supervision\MScGIMA\Fiona_Polzin_2019\Germany_AVM_data\AVM_germany_fiona.gdb\blocks_123_Eliminate3 LENGTH # #</Process><Process ToolSource="c:\program files\arcgis\pro\Resources\ArcToolbox\toolboxes\Data Management Tools.tbx\Copy" Date="20200605" Time="142308">Copy "C:\Users\kounadio\Desktop\ITC\3.Supervision\MScGIMA\Fiona_Polzin_2019\Germany_AVM_data\AVM_germany_fiona.gdb\blocks_123_Eliminate3 " C:\Users\kounadio\Desktop\ITC\3.Supervision\MScGIMA\Fiona_Polzin_2019\Germany_AVM_data\Data_basic.gdb\blocks_123_Eliminate3 FeatureClass #</Process><Process ToolSource="c:\program files\arcgis\pro\Resources\ArcToolbox\toolboxes\Data Management Tools.tbx\Rename" Date="20200605" Time="142328">Rename C:\Users\kounadio\Desktop\ITC\3.Supervision\MScGIMA\Fiona_Polzin_2019\Germany_AVM_data\Data_basic.gdb\blocks_123_Eliminate3 C:\Users\kounadio\Desktop\ITC\3.Supervision\MScGIMA\Fiona_Polzin_2019\Germany_AVM_data\Data_basic.gdb\blocks_ FeatureClass</Process><Process ToolSource="c:\program files\arcgis\pro\Resources\ArcToolbox\toolboxes\Data Management Tools.tbx\Rename" Date="20200605" Time="142334">Rename C:\Users\kounadio\Desktop\ITC\3.Supervision\MScGIMA\Fiona_Polzin_2019\Germany_AVM_data\Data_basic.gdb\blocks_ C:\Users\kounadio\Desktop\ITC\3.Supervision\MScGIMA\Fiona_Polzin_2019\Germany_AVM_data\Data_basic.gdb\blocks FeatureClass</Process><Process ToolSource="c:\program files\arcgis\pro\Resources\ArcToolbox\toolboxes\Data Management Tools.tbx\Copy" Date="20200605" Time="142340">Copy "C:\Users\kounadio\Desktop\ITC\3.Supervision\MScGIMA\Fiona_Polzin_2019\Germany_AVM_data\Data_basic.gdb\blocks " C:\Users\kounadio\Desktop\ITC\3.Supervision\MScGIMA\Fiona_Polzin_2019\Germany_AVM_data\AVM_germany_fiona.gdb\blocks FeatureClass #</Process><Process ToolSource="c:\program files\arcgis\pro\Resources\ArcToolbox\toolboxes\Data Management Tools.tbx\UpdateSchema" Date="20200605" Time="142416">UpdateSchema "CIMDATA=&lt;CIMStandardDataConnection xsi:type='typens:CIMStandardDataConnection' xmlns:xsi='http://www.w3.org/2001/XMLSchema-instance' xmlns:xs='http://www.w3.org/2001/XMLSchema' xmlns:typens='http://www.esri.com/schemas/ArcGIS/2.2.0'&gt;&lt;WorkspaceConnectionString&gt;DATABASE=C:\Users\kounadio\Desktop\ITC\3.Supervision\MScGIMA\Fiona_Polzin_2019\Germany_AVM_data\AVM_germany_fiona.gdb&lt;/WorkspaceConnectionString&gt;&lt;WorkspaceFactory&gt;FileGDB&lt;/WorkspaceFactory&gt;&lt;Dataset&gt;blocks&lt;/Dataset&gt;&lt;DatasetType&gt;esriDTFeatureClass&lt;/DatasetType&gt;&lt;/CIMStandardDataConnection&gt;" &lt;operationSequence&gt;&lt;workflow&gt;&lt;AddField&gt;&lt;field_name&gt;id&lt;/field_name&gt;&lt;field_type&gt;LONG&lt;/field_type&gt;&lt;field_alias&gt;id&lt;/field_alias&gt;&lt;field_is_nullable&gt;True&lt;/field_is_nullable&gt;&lt;field_is_required&gt;False&lt;/field_is_required&gt;&lt;/AddField&gt;&lt;/workflow&gt;&lt;workflow&gt;&lt;AddField&gt;&lt;field_name&gt;area&lt;/field_name&gt;&lt;field_type&gt;LONG&lt;/field_type&gt;&lt;field_alias&gt;area&lt;/field_alias&gt;&lt;field_is_nullable&gt;True&lt;/field_is_nullable&gt;&lt;field_is_required&gt;False&lt;/field_is_required&gt;&lt;/AddField&gt;&lt;/workflow&gt;&lt;workflow&gt;&lt;AddField&gt;&lt;field_name&gt;rori&lt;/field_name&gt;&lt;field_type&gt;LONG&lt;/field_type&gt;&lt;field_alias&gt;rori&lt;/field_alias&gt;&lt;field_is_nullable&gt;True&lt;/field_is_nullable&gt;&lt;field_is_required&gt;False&lt;/field_is_required&gt;&lt;/AddField&gt;&lt;/workflow&gt;&lt;/operationSequence&gt;</Process><Process ToolSource="c:\program files\arcgis\pro\Resources\ArcToolbox\toolboxes\Data Management Tools.tbx\CalculateField" Date="20200605" Time="142428">CalculateField blocks id !OBJECTID! "Python 3" #</Process><Process ToolSource="c:\program files\arcgis\pro\Resources\ArcToolbox\toolboxes\Data Management Tools.tbx\CalculateGeometryAttributes" Date="20200605" Time="142457">CalculateGeometryAttributes blocks "area AREA" # "Square meters" #</Process><Process ToolSource="c:\program files\arcgis\pro\Resources\ArcToolbox\toolboxes\Data Management Tools.tbx\Eliminate" Date="20200605" Time="142608">Eliminate blocks C:\Users\kounadio\Desktop\ITC\3.Supervision\MScGIMA\Fiona_Polzin_2019\Germany_AVM_data\AVM_germany_fiona.gdb\blocks_Eliminate LENGTH # #</Process><Process ToolSource="c:\program files\arcgis\pro\Resources\ArcToolbox\toolboxes\Data Management Tools.tbx\DeleteField" Date="20200605" Time="142829">DeleteField blocks_Eliminate area</Process><Process ToolSource="c:\program files\arcgis\pro\Resources\ArcToolbox\toolboxes\Data Management Tools.tbx\UpdateSchema" Date="20200605" Time="143050">UpdateSchema "CIMDATA=&lt;CIMStandardDataConnection xsi:type='typens:CIMStandardDataConnection' xmlns:xsi='http://www.w3.org/2001/XMLSchema-instance' xmlns:xs='http://www.w3.org/2001/XMLSchema' xmlns:typens='http://www.esri.com/schemas/ArcGIS/2.2.0'&gt;&lt;WorkspaceConnectionString&gt;DATABASE=C:\Users\kounadio\Desktop\ITC\3.Supervision\MScGIMA\Fiona_Polzin_2019\Germany_AVM_data\AVM_germany_fiona.gdb&lt;/WorkspaceConnectionString&gt;&lt;WorkspaceFactory&gt;FileGDB&lt;/WorkspaceFactory&gt;&lt;Dataset&gt;blocks_Eliminate&lt;/Dataset&gt;&lt;DatasetType&gt;esriDTFeatureClass&lt;/DatasetType&gt;&lt;/CIMStandardDataConnection&gt;" &lt;operationSequence&gt;&lt;workflow&gt;&lt;AddField&gt;&lt;field_name&gt;area&lt;/field_name&gt;&lt;field_type&gt;LONG&lt;/field_type&gt;&lt;field_alias&gt;area&lt;/field_alias&gt;&lt;field_is_nullable&gt;True&lt;/field_is_nullable&gt;&lt;field_is_required&gt;False&lt;/field_is_required&gt;&lt;/AddField&gt;&lt;/workflow&gt;&lt;/operationSequence&gt;</Process><Process ToolSource="c:\program files\arcgis\pro\Resources\ArcToolbox\toolboxes\Data Management Tools.tbx\CalculateGeometryAttributes" Date="20200605" Time="143113">CalculateGeometryAttributes blocks_Eliminate "area AREA" # "Square meters" PROJCS['ETRS_1989_UTM_Zone_33N',GEOGCS['GCS_ETRS_1989',DATUM['D_ETRS_1989',SPHEROID['GRS_1980',6378137.0,298.257222101]],PRIMEM['Greenwich',0.0],UNIT['Degree',0.0174532925199433]],PROJECTION['Transverse_Mercator'],PARAMETER['False_Easting',500000.0],PARAMETER['False_Northing',0.0],PARAMETER['Central_Meridian',15.0],PARAMETER['Scale_Factor',0.9996],PARAMETER['Latitude_Of_Origin',0.0],UNIT['Meter',1.0]]</Process><Process ToolSource="c:\program files\arcgis\pro\Resources\ArcToolbox\toolboxes\Data Management Tools.tbx\Integrate" Date="20200605" Time="143315">Integrate "blocks_Eliminate #" "5 Meters"</Process><Process ToolSource="c:\program files\arcgis\pro\Resources\ArcToolbox\toolboxes\Analysis Tools.tbx\SpatialJoin" Date="20200605" Time="143517">SpatialJoin blocks_Eliminate C:\Users\kounadio\Desktop\ITC\3.Supervision\MScGIMA\Fiona_Polzin_2019\Germany_AVM_data\Data_basic.gdb\Saxony_addresses C:\Users\kounadio\Desktop\ITC\3.Supervision\MScGIMA\Fiona_Polzin_2019\Germany_AVM_data\AVM_germany_fiona.gdb\blocks_Eliminate_SpatialJoin "Join one to one" KEEP_ALL "id "id" true true false 4 Long 0 0,First,#,blocks_Eliminate,id,-1,-1;rori "rori" true true false 4 Long 0 0,First,#,blocks_Eliminate,rori,-1,-1;Shape_Length "Shape_Length" false true true 8 Double 0 0,First,#,blocks_Eliminate,Shape_Length,-1,-1;Shape_Area "Shape_Area" false true true 8 Double 0 0,First,#,blocks_Eliminate,Shape_Area,-1,-1;area "area" true true false 4 Long 0 0,First,#,blocks_Eliminate,area,-1,-1" Intersect # #</Process><Process ToolSource="c:\program files\arcgis\pro\Resources\ArcToolbox\toolboxes\Data Management Tools.tbx\CalculateField" Date="20200605" Time="143540">CalculateField blocks_Eliminate_SpatialJoin rori !Join_Count! "Python 3" #</Process><Process ToolSource="c:\program files\arcgis\pro\Resources\ArcToolbox\toolboxes\Data Management Tools.tbx\DeleteField" Date="20200605" Time="143547">DeleteField blocks_Eliminate_SpatialJoin Join_Count</Process><Process ToolSource="c:\program files\arcgis\pro\Resources\ArcToolbox\toolboxes\Data Management Tools.tbx\DeleteField" Date="20200605" Time="143552">DeleteField blocks_Eliminate_SpatialJoin TARGET_FID</Process><Process ToolSource="c:\program files\arcgis\pro\Resources\ArcToolbox\toolboxes\Data Management Tools.tbx\Rename" Date="20200605" Time="143634">Rename C:\Users\kounadio\Desktop\ITC\3.Supervision\MScGIMA\Fiona_Polzin_2019\Germany_AVM_data\AVM_germany_fiona.gdb\blocks_Eliminate_SpatialJoin C:\Users\kounadio\Desktop\ITC\3.Supervision\MScGIMA\Fiona_Polzin_2019\Germany_AVM_data\AVM_germany_fiona.gdb\blocks FeatureClass</Process><Process ToolSource="c:\program files\arcgis\pro\Resources\ArcToolbox\toolboxes\Data Management Tools.tbx\UpdateSchema" Date="20200605" Time="152436">UpdateSchema "CIMDATA=&lt;CIMStandardDataConnection xsi:type='typens:CIMStandardDataConnection' xmlns:xsi='http://www.w3.org/2001/XMLSchema-instance' xmlns:xs='http://www.w3.org/2001/XMLSchema' xmlns:typens='http://www.esri.com/schemas/ArcGIS/2.2.0'&gt;&lt;WorkspaceConnectionString&gt;DATABASE=C:\Users\kounadio\Desktop\ITC\3.Supervision\MScGIMA\Fiona_Polzin_2019\Germany_AVM_data\AVM_germany_fiona.gdb&lt;/WorkspaceConnectionString&gt;&lt;WorkspaceFactory&gt;FileGDB&lt;/WorkspaceFactory&gt;&lt;Dataset&gt;blocks&lt;/Dataset&gt;&lt;DatasetType&gt;esriDTFeatureClass&lt;/DatasetType&gt;&lt;/CIMStandardDataConnection&gt;" &lt;operationSequence&gt;&lt;workflow&gt;&lt;AddField&gt;&lt;field_name&gt;id_text&lt;/field_name&gt;&lt;field_type&gt;LONG&lt;/field_type&gt;&lt;field_alias&gt;id_text&lt;/field_alias&gt;&lt;field_is_nullable&gt;True&lt;/field_is_nullable&gt;&lt;field_is_required&gt;False&lt;/field_is_required&gt;&lt;/AddField&gt;&lt;/workflow&gt;&lt;/operationSequence&gt;</Process><Process ToolSource="c:\program files\arcgis\pro\Resources\ArcToolbox\toolboxes\Data Management Tools.tbx\DeleteField" Date="20200605" Time="152449">DeleteField blocks id_text</Process><Process ToolSource="c:\program files\arcgis\pro\Resources\ArcToolbox\toolboxes\Data Management Tools.tbx\UpdateSchema" Date="20200605" Time="152529">UpdateSchema "CIMDATA=&lt;CIMStandardDataConnection xsi:type='typens:CIMStandardDataConnection' xmlns:xsi='http://www.w3.org/2001/XMLSchema-instance' xmlns:xs='http://www.w3.org/2001/XMLSchema' xmlns:typens='http://www.esri.com/schemas/ArcGIS/2.2.0'&gt;&lt;WorkspaceConnectionString&gt;DATABASE=C:\Users\kounadio\Desktop\ITC\3.Supervision\MScGIMA\Fiona_Polzin_2019\Germany_AVM_data\AVM_germany_fiona.gdb&lt;/WorkspaceConnectionString&gt;&lt;WorkspaceFactory&gt;FileGDB&lt;/WorkspaceFactory&gt;&lt;Dataset&gt;blocks&lt;/Dataset&gt;&lt;DatasetType&gt;esriDTFeatureClass&lt;/DatasetType&gt;&lt;/CIMStandardDataConnection&gt;" &lt;operationSequence&gt;&lt;workflow&gt;&lt;AddField&gt;&lt;field_name&gt;id_text&lt;/field_name&gt;&lt;field_type&gt;TEXT&lt;/field_type&gt;&lt;field_length&gt;255&lt;/field_length&gt;&lt;field_alias&gt;id_text&lt;/field_alias&gt;&lt;field_is_nullable&gt;True&lt;/field_is_nullable&gt;&lt;field_is_required&gt;False&lt;/field_is_required&gt;&lt;/AddField&gt;&lt;/workflow&gt;&lt;workflow&gt;&lt;AddField&gt;&lt;field_name&gt;Field&lt;/field_name&gt;&lt;field_type&gt;LONG&lt;/field_type&gt;&lt;field_alias&gt;Field&lt;/field_alias&gt;&lt;field_is_nullable&gt;True&lt;/field_is_nullable&gt;&lt;field_is_required&gt;False&lt;/field_is_required&gt;&lt;/AddField&gt;&lt;/workflow&gt;&lt;/operationSequence&gt;</Process><Process ToolSource="c:\program files\arcgis\pro\Resources\ArcToolbox\toolboxes\Data Management Tools.tbx\DeleteField" Date="20200605" Time="152537">DeleteField blocks Field</Process><Process ToolSource="c:\program files\arcgis\pro\Resources\ArcToolbox\toolboxes\Data Management Tools.tbx\CalculateField" Date="20200605" Time="152551">CalculateField blocks id_text !id! "Python 3" #</Process><Process ToolSource="c:\program files\arcgis\pro\Resources\ArcToolbox\toolboxes\Data Management Tools.tbx\Copy" Date="20200605" Time="152717">Copy "C:\Users\kounadio\Desktop\ITC\3.Supervision\MScGIMA\Fiona_Polzin_2019\Germany_AVM_data\AVM_germany_fiona.gdb\blocks " C:\Users\kounadio\Desktop\ITC\3.Supervision\MScGIMA\Fiona_Polzin_2019\Germany_AVM_data\Data_basic.gdb\blocks FeatureClass #</Process><Process ToolSource="c:\program files\arcgis\pro\Resources\ArcToolbox\toolboxes\Conversion Tools.tbx\FeatureClassToFeatureClass" Date="20201008" Time="182308">FeatureClassToFeatureClass C:\Users\kounadio\Desktop\ITC\3.Supervision\MScGIMA\Fiona_Polzin_2019\Germany_AVM_data\Data_basic.gdb\blocks C:\Users\kounadio\Desktop\ITC\3.Supervision\MScGIMA\Fiona_Polzin_2019\Germany_AVM_data\GeomaskingTestData polygons.shp # "id "id" true true false 4 Long 0 0,First,#,C:\Users\kounadio\Desktop\ITC\3.Supervision\MScGIMA\Fiona_Polzin_2019\Germany_AVM_data\Data_basic.gdb\blocks,id,-1,-1;rori "rori" true true false 4 Long 0 0,First,#,C:\Users\kounadio\Desktop\ITC\3.Supervision\MScGIMA\Fiona_Polzin_2019\Germany_AVM_data\Data_basic.gdb\blocks,rori,-1,-1;area "area" true true false 4 Long 0 0,First,#,C:\Users\kounadio\Desktop\ITC\3.Supervision\MScGIMA\Fiona_Polzin_2019\Germany_AVM_data\Data_basic.gdb\blocks,area,-1,-1;id_text "id_text" true true false 255 Text 0 0,First,#,C:\Users\kounadio\Desktop\ITC\3.Supervision\MScGIMA\Fiona_Polzin_2019\Germany_AVM_data\Data_basic.gdb\blocks,id_text,0,255;Shape_Leng "Shape_Length" false true true 8 Double 0 0,First,#,C:\Users\kounadio\Desktop\ITC\3.Supervision\MScGIMA\Fiona_Polzin_2019\Germany_AVM_data\Data_basic.gdb\blocks,Shape_Length,-1,-1;Shape_Area "Shape_Area" false true true 8 Double 0 0,First,#,C:\Users\kounadio\Desktop\ITC\3.Supervision\MScGIMA\Fiona_Polzin_2019\Germany_AVM_data\Data_basic.gdb\blocks,Shape_Area,-1,-1" #</Process></lineage><itemProps><itemName Sync="TRUE">polygons</itemName><imsContentType Sync="TRUE">002</imsContentType><itemLocation><linkage Sync="TRUE">file://\\UT147811\Users\kounadio\Desktop\ITC\3.Supervision\MScGIMA\Fiona_Polzin_2019\Germany_AVM_data\GeomaskingTestData\polygons.shp</linkage><protocol Sync="TRUE">Local Area Network</protocol></itemLocation><itemSize Sync="TRUE">0.000</itemSize></itemProps><coordRef><type Sync="TRUE">Projected</type><geogcsn Sync="TRUE">GCS_ETRS_1989</geogcsn><csUnits Sync="TRUE">Linear Unit: Meter (1.000000)</csUnits><projcsn Sync="TRUE">ETRS_1989_UTM_Zone_33N</projcsn><peXml Sync="TRUE">&lt;ProjectedCoordinateSystem xsi:type='typens:ProjectedCoordinateSystem' xmlns:xsi='http://www.w3.org/2001/XMLSchema-instance' xmlns:xs='http://www.w3.org/2001/XMLSchema' xmlns:typens='http://www.esri.com/schemas/ArcGIS/2.2.0'&gt;&lt;WKT&gt;PROJCS[&amp;quot;ETRS_1989_UTM_Zone_33N&amp;quot;,GEOGCS[&amp;quot;GCS_ETRS_1989&amp;quot;,DATUM[&amp;quot;D_ETRS_1989&amp;quot;,SPHEROID[&amp;quot;GRS_1980&amp;quot;,6378137.0,298.257222101]],PRIMEM[&amp;quot;Greenwich&amp;quot;,0.0],UNIT[&amp;quot;Degree&amp;quot;,0.0174532925199433]],PROJECTION[&amp;quot;Transverse_Mercator&amp;quot;],PARAMETER[&amp;quot;False_Easting&amp;quot;,500000.0],PARAMETER[&amp;quot;False_Northing&amp;quot;,0.0],PARAMETER[&amp;quot;Central_Meridian&amp;quot;,15.0],PARAMETER[&amp;quot;Scale_Factor&amp;quot;,0.9996],PARAMETER[&amp;quot;Latitude_Of_Origin&amp;quot;,0.0],UNIT[&amp;quot;Meter&amp;quot;,1.0],AUTHORITY[&amp;quot;EPSG&amp;quot;,25833]]&lt;/WKT&gt;&lt;XOrigin&gt;-5120900&lt;/XOrigin&gt;&lt;YOrigin&gt;-9998100&lt;/YOrigin&gt;&lt;XYScale&gt;450445547.3910538&lt;/XYScale&gt;&lt;ZOrigin&gt;-100000&lt;/ZOrigin&gt;&lt;ZScale&gt;10000&lt;/ZScale&gt;&lt;MOrigin&gt;-100000&lt;/MOrigin&gt;&lt;MScale&gt;10000&lt;/MScale&gt;&lt;XYTolerance&gt;0.001&lt;/XYTolerance&gt;&lt;ZTolerance&gt;0.001&lt;/ZTolerance&gt;&lt;MTolerance&gt;0.001&lt;/MTolerance&gt;&lt;HighPrecision&gt;true&lt;/HighPrecision&gt;&lt;WKID&gt;25833&lt;/WKID&gt;&lt;LatestWKID&gt;25833&lt;/LatestWKID&gt;&lt;/ProjectedCoordinateSystem&gt;</peXml></coordRef></DataProperties><SyncDate>20201008</SyncDate><SyncTime>18230800</SyncTime><ModDate>20201008</ModDate><ModTime>18230800</ModTime></Esri><dataIdInfo><envirDesc Sync="TRUE">Microsoft Windows 10 Version 10.0 (Build 16299) ; Esri ArcGIS 12.2.1.12813</envirDesc><dataLang><languageCode value="nld" Sync="TRUE"></languageCode><countryCode value="NLD" Sync="TRUE"></countryCode></dataLang><idCitation><resTitle Sync="TRUE">polygons</resTitle><presForm><PresFormCd value="005" Sync="TRUE"></PresFormCd></presForm></idCitation><spatRpType><SpatRepTypCd value="001" Sync="TRUE"></SpatRepTypCd></spatRpType></dataIdInfo><mdLang><languageCode value="nld" Sync="TRUE"></languageCode><countryCode value="NLD" Sync="TRUE"></countryCode></mdLang><distInfo><distFormat><formatName Sync="TRUE">Shapefile</formatName></distFormat><distTranOps><transSize Sync="TRUE">0.000</transSize></distTranOps></distInfo><mdHrLv><ScopeCd value="005" Sync="TRUE"></ScopeCd></mdHrLv><mdHrLvName Sync="TRUE">dataset</mdHrLvName><refSysInfo><RefSystem><refSysID><identCode code="25833" Sync="TRUE"></identCode><idCodeSpace Sync="TRUE">EPSG</idCodeSpace><idVersion Sync="TRUE">7.1(4.0.0)</idVersion></refSysID></RefSystem></refSysInfo><spatRepInfo><VectSpatRep><geometObjs Name="polygons"><geoObjTyp><GeoObjTypCd value="002" Sync="TRUE"></GeoObjTypCd></geoObjTyp><geoObjCnt Sync="TRUE">0</geoObjCnt></geometObjs><topLvl><TopoLevCd value="001" Sync="TRUE"></TopoLevCd></topLvl></VectSpatRep></spatRepInfo><spdoinfo><ptvctinf><esriterm Name="polygons"><efeatyp Sync="TRUE">Simple</efeatyp><efeageom code="4" Sync="TRUE"></efeageom><esritopo Sync="TRUE">FALSE</esritopo><efeacnt Sync="TRUE">0</efeacnt><spindex Sync="TRUE">FALSE</spindex><linrefer Sync="TRUE">FALSE</linrefer></esriterm></ptvctinf></spdoinfo><eainfo><detailed Name="polygons"><enttyp><enttypl Sync="TRUE">polygons</enttypl><enttypt Sync="TRUE">Feature Class</enttypt><enttypc Sync="TRUE">0</enttypc></enttyp><attr><attrlabl Sync="TRUE">FID</attrlabl><attalias Sync="TRUE">FID</attalias><attrtype Sync="TRUE">OID</attrtype><attwidth Sync="TRUE">4</attwidth><atprecis Sync="TRUE">0</atprecis><attscale Sync="TRUE">0</attscale><attrdef Sync="TRUE">Internal feature number.</attrdef><attrdefs Sync="TRUE">Esri</attrdefs><attrdomv><udom Sync="TRUE">Sequential unique whole numbers that are automatically generated.</udom></attrdomv></attr><attr><attrlabl Sync="TRUE">Shape</attrlabl><attalias Sync="TRUE">Shape</attalias><attrtype Sync="TRUE">Geometry</attrtype><attwidth Sync="TRUE">0</attwidth><atprecis Sync="TRUE">0</atprecis><attscale Sync="TRUE">0</attscale><attrdef Sync="TRUE">Feature geometry.</attrdef><attrdefs Sync="TRUE">Esri</attrdefs><attrdomv><udom Sync="TRUE">Coordinates defining the features.</udom></attrdomv></attr><attr><attrlabl Sync="TRUE">id</attrlabl><attalias Sync="TRUE">id</attalias><attrtype Sync="TRUE">Integer</attrtype><attwidth Sync="TRUE">10</attwidth><atprecis Sync="TRUE">10</atprecis><attscale Sync="TRUE">0</attscale></attr><attr><attrlabl Sync="TRUE">area</attrlabl><attalias Sync="TRUE">area</attalias><attrtype Sync="TRUE">Integer</attrtype><attwidth Sync="TRUE">10</attwidth><atprecis Sync="TRUE">10</atprecis><attscale Sync="TRUE">0</attscale></attr><attr><attrlabl Sync="TRUE">rori</attrlabl><attalias Sync="TRUE">rori</attalias><attrtype Sync="TRUE">Integer</attrtype><attwidth Sync="TRUE">10</attwidth><atprecis Sync="TRUE">10</atprecis><attscale Sync="TRUE">0</attscale></attr><attr><attrlabl Sync="TRUE">id_text</attrlabl><attalias Sync="TRUE">id_text</attalias><attrtype Sync="TRUE">String</attrtype><attwidth Sync="TRUE">254</attwidth><atprecis Sync="TRUE">0</atprecis><attscale Sync="TRUE">0</attscale></attr><attr><attrlabl Sync="TRUE">Shape_Leng</attrlabl><attalias Sync="TRUE">Shape_Leng</attalias><attrtype Sync="TRUE">Double</attrtype><attwidth Sync="TRUE">19</attwidth><atprecis Sync="TRUE">0</atprecis><attscale Sync="TRUE">0</attscale></attr><attr><attrlabl Sync="TRUE">Shape_Area</attrlabl><attalias Sync="TRUE">Shape_Area</attalias><attrtype Sync="TRUE">Double</attrtype><attwidth Sync="TRUE">19</attwidth><atprecis Sync="TRUE">0</atprecis><attscale Sync="TRUE">0</attscale><attrdef Sync="TRUE">Area of feature in internal units squared.</attrdef><attrdefs Sync="TRUE">Esri</attrdefs><attrdomv><udom Sync="TRUE">Positive real numbers that are automatically generated.</udom></attrdomv></attr></detailed></eainfo><mdDateSt Sync="TRUE">20201008</mdDateSt></metadata>
